{
  "0": 0.5511315127437476,
  "1": 5.389352702176212
}