{
  "classification_performance": {
    "accuracy": 0.9168133333333334,
    "balanced_accuracy": 0.8297812747614115,
    "mcc": 0.7325529250423561,
    "pr_auc": 0.9945943126592337,
    "roc_auc": 0.9783056858285626
  },
  "operational_performance": {
    "detection_latency_ms": 0.0022513930002848307,
    "fpr_at_tpr_90": 1.0,
    "tpr_at_fpr_001": 0.8312699747687132,
    "brier_score": 0.041432520285465915
  },
  "threshold_analysis": {
    "default_threshold": 0.5,
    "tpr_90_threshold": 0.04968812765440339,
    "fpr_001_threshold": 0.9614961089536709
  }
}